<?xml version="1.0" encoding="UTF-8"?><vm version="2.0"><group id="ff0f86992b87fa98f0c4858350012bf6"><entry><agency>Lorial</agency><schema>EDI</schema><value>RECADV</value></entry><entry><agency>IFlow</agency><schema>ProcessDirect_Address</schema><value>/EDI_RECADV96A_to_IDoc_DELVRY03</value></entry></group><group id="cc324bc144e2b8b0d4c67f9fcf2b27e9"><entry><agency>Lorial</agency><schema>EDI</schema><value>ORDERS</value></entry><entry><agency>IFlow</agency><schema>ProcessDirect_Address</schema><value>/EDI_ORDERS96A_to_IDoc_ORDERS05</value></entry></group><group id="b2599ad6a0c996d5252ec474fed1b933"><entry><agency>Lorial</agency><schema>EDI</schema><value>ORDCHG</value></entry><entry><agency>IFlow</agency><schema>ProcessDirect_Address</schema><value>/EDI_ORDCHG96A_to_IDoc_ORDERS05</value></entry></group><group id="ec242da7eed3e0bbd2b49c8144e5ff45"><entry><agency>Lorial</agency><schema>EDI</schema><value>DELFOR</value></entry><entry><agency>IFlow</agency><schema>ProcessDirect_Address</schema><value>/EDI_DELFOR96A_to_IDoc_DELFOR01</value></entry></group></vm>