<?xml version="1.0" encoding="UTF-8"?><vm version="2.0"><group id="9a5fc9f57639320442e165a2f9020bf1"><entry isDefault="true"><agency>System</agency><schema>Email</schema><value>CRODA - Conexiom Integration with SAP ERP</value></entry><entry><agency>Target</agency><schema>Email</schema><value>bailey.hope@croda.com</value></entry></group><group id="7375a4163babbfcf20953532c1476be5"><entry><agency>System</agency><schema>Email</schema><value>CRODA - ECert Integration with SAP ERP</value></entry><entry><agency>Target</agency><schema>Email</schema><value>bailey.hope@croda.com</value></entry></group><group id="490f21641b5793ffe1e265f675282963"><entry><agency>System</agency><schema>Email</schema><value>CRODA - Live Feedback Question Pro Integration with SAP</value></entry><entry><agency>Target</agency><schema>Email</schema><value>neel.thakkar@croda.com,bailey.hope@croda.com,jacob.wegbreit@croda.com</value></entry></group><group id="3579fcee2ced9613020a87f2896ef2a2"><entry><agency>System</agency><schema>Email</schema><value>CRODA - SAP Integration with BOA-PROD</value></entry><entry isDefault="true"><agency>Target</agency><schema>Email</schema><value>bailey.hope@croda.com</value></entry></group><group id="d997387290c7ab1db69df4ac77e4de59"><entry><agency>System</agency><schema>Email</schema><value>CRODA - Sitecore Integration with SAP ERP Production</value></entry><entry><agency>Target</agency><schema>Email</schema><value>neel.thakkar@croda.com,bailey.hope@croda.com,chukka.satish@nagarro.com,rathna.g@nagarro.com</value></entry></group><group id="8c84113e18fa34da3f8f45ebe2a10ad6"><entry><agency>System</agency><schema>Email</schema><value>Croda Cloud for Customer with SAP ERP Integration</value></entry><entry><agency>Target</agency><schema>Email</schema><value>richard.dale@croda.com,rob.kranendonk@croda.com,bailey.hope@croda.com</value></entry></group><group id="cf1b75c8957d0b34e9b7d896f882338c"><entry isDefault="true"><agency>System</agency><schema>Email</schema><value>CRODA P012 LOreal</value></entry><entry><agency>Target</agency><schema>Email</schema><value>neel.thakkar@croda.com,bailey.hope@croda.com</value></entry></group><group id="975c62336a05fa0ef34f62c2ae69d96c"><entry><agency>System</agency><schema>Email</schema><value>CRODA P013 Goole WMS</value></entry><entry><agency>Target</agency><schema>Email</schema><value>bailey.hope@croda.com</value></entry></group><group id="f67a16b0521504b5104782a59dcabd31"><entry><agency>System</agency><schema>Email</schema><value>CRODA P15 - C4C Single Customer View</value></entry><entry><agency>Target</agency><schema>Email</schema><value>richard.dale@croda.com,rob.kranendonk@croda.com,bailey.hope@croda.com</value></entry></group><group id="5dd779393d66d4345e6c40976e6de877"><entry isDefault="true"><agency>System</agency><schema>Email</schema><value>CRODA-IBM-CIMA</value></entry><entry><agency>Target</agency><schema>Email</schema><value>richard.dale@croda.com,rob.kranendonk@croda.com,bailey.hope@croda.com</value></entry></group><group id="910c5f086d08e7d59f37b2e520a85047"><entry><agency>System</agency><schema>Email</schema><value>CRODA - SAP Integration with BOA-PROD</value></entry><entry><agency>Target</agency><schema>Email</schema><value>jay.maranan@croda.com,crodabasis@dxc.com,cpi-support-team@croda.com</value></entry></group><group id="82622431829c88ab41f4c0e6e3383454"><entry><agency>System</agency><schema>Email</schema><value>SAP ECC Integrations with ASPEN</value></entry><entry><agency>Target</agency><schema>Email</schema><value>bailey.hope@croda.com</value></entry></group><group id="a1466782c47a03acffdaff3486fe4a5c"><entry><agency>System</agency><schema>Email</schema><value>SAP ECC integrations with Mevisa (Mecalux)</value></entry><entry><agency>Target</agency><schema>Email</schema><value>bailey.hope@croda.com</value></entry></group><group id="714b73df061c9740f80aac4ef9178889"><entry><agency>System</agency><schema>Email</schema><value>SAP Financials Integration with SAP Concur</value></entry><entry><agency>Target</agency><schema>Email</schema><value>michiel.botman@croda.com,rob.kranendonk@croda.com,bailey.hope@croda.com</value></entry></group><group id="fccb9e6e72b16c162f7d7bc85e56410e"><entry><agency>System</agency><schema>Email</schema><value>CRODA - Sweden WMS (Freja) Integration with SAP ERP</value></entry><entry><agency>Target</agency><schema>Email</schema><value>neel.thakkar@croda.com,bailey.hope@croda.com</value></entry></group><group id="d0367e3e5ccade978ff590dd0aab3469"><entry><agency>System</agency><schema>Email</schema><value>CRODA - C4C Integration with Mandrill - Sample Order Email Follow Up</value></entry><entry><agency>Target</agency><schema>Email</schema><value>bailey.hope@croda.com,Mathilde.Couvelaere@croda.com,Adam.Halls@croda.com,Rob.Kranendonk@croda.com</value></entry></group><group id="4b39e6397cdf5fa6f3897df70acf9cc5"><entry><agency>System</agency><schema>Email</schema><value>CRODA - Blackline Integration with SAP ECC</value></entry><entry><agency>Target</agency><schema>Email</schema><value>bailey.hope@croda.com,george.nyul@croda.com,Caroline.Garvey@croda.com,Graeme.Brown@croda.com,phil.harrison@croda.com,Alec.Chiweshenga@croda.com,luka.baker@croda.com</value></entry></group></vm>